{"cameraMode":{"drawMode":0,"name":"Shaded","section":"Shading Mode"},"sceneLighting":true,"audioPlay":false,"sceneViewState":{"m_AlwaysRefresh":false,"showFog":true,"showSkybox":true,"showFlares":true,"showImageEffects":true,"showParticleSystems":true,"showVisualEffectGraphs":true,"m_FxEnabled":true},"in2DMode":false,"pivot":{"x":2.528799295425415,"y":1.9499881267547608,"z":-3.0846354961395265},"rotation":{"x":-0.0001312763779424131,"y":0.9939779043197632,"z":-0.1095890924334526,"w":-0.00119218195322901},"size":3.1830639839172365,"orthographic":false}